id,name
6073,San Diego
6019,Fresno
42071,Lancaster
6107,Tulare
6099,Stanislaus
6077,San Joaquin
53077,Yakima
47059,Greene
41005,Clackamas
15001,Hawaii
27145,Stearns
6065,Riverside
55073,Marathon
48149,Fayette
8123,Weld
5143,Washington
27111,Otter Tail
48285,Lavaca
6047,Merced
6097,Sonoma
12057,Hillsborough
55025,Dane
41047,Marion
48467,Van Zandt
5007,Benton
1043,Cullman
29077,Greene
21009,Barren
21199,Pulaski
55043,Grant
55019,Clark
55123,Vernon
48367,Parker
48231,Hunt
1049,DeKalb
41043,Linn
51191,Washington
41039,Lane
48477,Washington
21227,Warren
47073,Hawkins
39037,Darke
48309,McLennan
55027,Dodge
48029,Bexar
47179,Washington
41019,Douglas
27153,Todd
27097,Morrison
48181,Grayson
19167,Sioux
48251,Johnson
48497,Wise
48491,Williamson
16027,Canyon
12105,Polk
48223,Hopkins
29091,Howell
48015,Austin
21093,Hardin
48257,Kaufman
6079,San Luis Obispo
48187,Guadalupe
40081,Lincoln
51165,Rockingham
6111,Ventura
48493,Wilson
29109,Lawrence
36013,Chautauqua
29145,Newton
6007,Butte
53063,Spokane
48021,Bastrop
41071,Yamhill
47165,Sumner
47189,Wilson
48289,Leon
48143,Erath
48213,Henderson
42133,York
48027,Bell
48423,Smith
29167,Polk
41029,Jackson
49049,Utah
29009,Barry
17099,LaSalle
41067,Washington
48177,Gonzales
48331,Milam
27171,Wright
29215,Texas
29225,Webster
29071,Franklin
47103,Lincoln
55017,Chippewa
29101,Johnson
51169,Scott
17113,McLean
27045,Fillmore
48139,Ellis
19149,Plymouth
48287,Lee
48217,Hill
19109,Kossuth
29037,Cass
48001,Anderson
48121,Denton
40079,Le Flore
42011,Berks
21085,Grayson
47025,Claiborne
19061,Dubuque
48201,Harris
21099,Hart
48123,DeWitt
47119,Maury
55005,Barron
27049,Goodhue
39169,Wayne
17105,Livingston
12083,Marion
55081,Monroe
21211,Shelby
51015,Augusta
48147,Fannin
21027,Breckinridge
47149,Rutherford
4013,Maricopa
48073,Cherokee
48277,Lamar
47099,Lawrence
39015,Brown
40051,Grady
40121,Pittsburg
47055,Giles
19113,Linn
21045,Casey
6071,San Bernardino
19043,Clayton
10005,Sussex
48039,Brazoria
55115,Shawano
55039,Fond du Lac
40015,Caddo
48089,Colorado
21001,Adair
39075,Holmes
5145,White
17001,Adams
17075,Iroquois
53025,Grant
48325,Medina
42125,Washington
12086,Miami-Dade
21151,Madison
18039,Elkhart
26151,Sanilac
26005,Allegan
17019,Champaign
40089,McCurtain
36089,St. Lawrence
48093,Comanche
6029,Kern
19191,Winneshiek
1095,Marshall
40013,Bryan
29229,Wright
47147,Robertson
18087,LaGrange
21137,Lincoln
37101,Johnston
48225,Houston
20173,Sedgwick
18003,Allen
6039,Madera
47163,Sullivan
55021,Columbia
48215,Hidalgo
48349,Navarro
55095,Polk
55121,Trempealeau
47111,Macon
48171,Gillespie
31109,Lancaster
55033,Dunn
29097,Jasper
17073,Henry
55087,Outagamie
48185,Grimes
20155,Reno
16083,Twin Falls
21179,Nelson
19065,Fayette
55109,St. Croix
29043,Christian
51143,Pittsylvania
48499,Wood
55071,Manitowoc
40131,Rogers
8077,Mesa
37061,Duplin
26021,Berrien
39001,Adams
39137,Putnam
53073,Whatcom
55111,Sauk
40049,Garvin
51105,Lee
29105,Laclede
39107,Mercer
53011,Clark
6103,Tehama
37151,Randolph
40101,Muskogee
42015,Bradford
29027,Callaway
48051,Burleson
47177,Warren
6083,Santa Barbara
48097,Cooke
6067,Sacramento
19045,Clinton
47003,Bedford
40097,Mayes
6037,Los Angeles
31041,Custer
24021,Frederick
19155,Pottawattamie
55105,Rock
41059,Umatilla
26063,Huron
19055,Delaware
29147,Nodaway
17173,Shelby
48401,Rusk
19097,Jackson
26145,Saginaw
37171,Surry
27129,Renville
53047,Okanogan
37163,Sampson
21125,Laurel
34019,Hunterdon
46099,Minnehaha
55055,Jefferson
47187,Williamson
19011,Benton
20015,Butler
26139,Ottawa
42055,Franklin
17119,Madison
29107,Lafayette
48085,Collin
27127,Redwood
29159,Pettis
53061,Snohomish
20113,McPherson
29217,Vernon
47057,Grainger
17117,Macoupin
29019,Boone
39089,Licking
36101,Steuben
29067,Douglas
5009,Boone
48395,Robertson
51019,Bedford
40125,Pottawatomie
48161,Freestone
27109,Olmsted
16011,Bingham
19193,Woodbury
37115,Madison
53033,King
19171,Tama
21059,Daviess
27105,Nobles
31155,Saunders
47089,Jefferson
48013,Atascosa
29013,Bates
55049,Iowa
40041,Delaware
19047,Crawford
26091,Lenawee
20121,Miami
31089,Holt
35013,Dona Ana
39147,Seneca
18061,Harrison
1103,Morgan
17011,Bureau
19181,Warren
42029,Chester
27099,Mower
48293,Limestone
26037,Clinton
20191,Sumner
21003,Allen
27015,Brown
1077,Lauderdale
40037,Creek
5087,Madison
19099,Jasper
55093,Pierce
47093,Knox
48347,Nacogdoches
1071,Jackson
55135,Waupaca
16001,Ada
29031,Cape Girardeau
40047,Garfield
21141,Logan
48337,Montague
42049,Erie
1009,Blount
21087,Green
37193,Wilkes
6061,Placer
48157,Fort Bend
19027,Carroll
40119,Payne
19019,Buchanan
17067,Hancock
29151,Osage
48481,Wharton
22113,Vermilion
26115,Monroe
37097,Iredell
42039,Crawford
6101,Sutter
17051,Fayette
19023,Butler
48133,Eastland
27047,Freeborn
39071,Highland
21069,Fleming
29059,Dallas
55045,Green
8069,Larimer
26159,Van Buren
37047,Columbus
19119,Lyon
31067,Gage
37155,Robeson
26081,Kent
27085,McLeod
27119,Polk
21083,Graves
21047,Christian
26155,Shiawassee
37021,Buncombe
26087,Lapeer
29121,Macon
55065,Lafayette
19103,Johnson
21097,Harrison
48049,Brown
17057,Fulton
22097,St. Landry
47141,Putnam
40137,Stephens
29131,Miller
31107,Knox
12069,Lake
39151,Stark
17177,Stephenson
42129,Westmoreland
45007,Anderson
19141,O'Brien
51167,Russell
53041,Lewis
26045,Eaton
27067,Kandiyohi
55009,Brown
39083,Knox
17183,Vermilion
47159,Smith
27131,Rice
5045,Faulkner
53065,Stevens
40035,Craig
48459,Upshur
40113,Osage
53007,Chelan
18027,Daviess
24013,Carroll
38101,Ward
48419,Shelby
5015,Carroll
17195,Whiteside
27013,Blue Earth
53053,Pierce
17049,Effingham
37169,Stokes
31141,Platte
26025,Calhoun
41017,Deschutes
20131,Nemaha
21169,Metcalfe
42085,Mercer
20103,Leavenworth
21229,Washington
17141,Ogle
19017,Bremer
27091,Martin
41045,Malheur
47185,White
37179,Union
40123,Pontotoc
12001,Alachua
29119,McDonald
51083,Halifax
18001,Adams
27093,Meeker
26157,Tuscola
39135,Preble
46013,Brown
18085,Kosciusko
39119,Muskingum
20085,Jackson
17135,Montgomery
21081,Grant
37009,Ashe
29135,Moniteau
27143,Sibley
47009,Blount
53005,Benton
55117,Sheboygan
19165,Shelby
49005,Cache
40019,Carter
48145,Falls
55103,Richland
36065,Oneida
48255,Karnes
55141,Wood
21155,Marion
21217,Taylor
29051,Cole
31019,Buffalo
42019,Butler
47043,Dickson
21207,Russell
39007,Ashtabula
41053,Polk
27005,Becker
39173,Wood
19121,Madison
45051,Horry
40005,Atoka
27169,Winona
19013,Black Hawk
6045,Mendocino
19187,Webster
20115,Marion
40017,Canadian
45083,Spartanburg
29177,Ray
31027,Cedar
19105,Jones
26147,St. Clair
26161,Washtenaw
40021,Cherokee
27115,Pine
40001,Adair
48203,Harrison
21183,Ohio
47051,Franklin
21167,Mercer
19123,Mahaska
22105,Tangipahoa
6021,Glenn
29007,Audrain
47107,McMinn
48469,Victoria
19031,Cedar
20087,Jefferson
26059,Hillsdale
48037,Bowie
26075,Jackson
31039,Cuming
48099,Coryell
48453,Travis
20117,Marshall
21171,Monroe
48035,Bosque
21043,Carter
40149,Washita
17191,Wayne
39109,Miami
26067,Ionia
39029,Columbiana
48041,Brazos
20035,Cowley
29041,Chariton
27041,Douglas
17167,Sangamon
27043,Faribault
39063,Hancock
29113,Lincoln
19037,Chickasaw
40071,Kay
47117,Marshall
48439,Tarrant
5083,Logan
27063,Jackson
36029,Erie
47029,Cocke
48053,Burnet
42111,Somerset
6055,Napa
35039,Rio Arriba
17149,Pike
48055,Caldwell
46125,Turner
48387,Red River
26023,Branch
30081,Ravalli
18113,Noble
22009,Avoyelles
39011,Auglaize
17103,Lee
17179,Tazewell
21103,Henry
39045,Fairfield
48131,Duval
49003,Box Elder
42041,Cumberland
25027,Worcester
46067,Hutchinson
17095,Knox
5063,Independence
37081,Guilford
55119,Taylor
38093,Stutsman
17197,Will
19077,Guthrie
31111,Lincoln
38055,McLean
40111,Okmulgee
55083,Oconto
19125,Marion
27089,Marshall
20099,Labette
40031,Comanche
42009,Bedford
6085,Santa Clara
37197,Yadkin
39005,Ashland
12049,Hardee
19005,Allamakee
20125,Montgomery
20059,Franklin
37037,Chatham
18175,Washington
40115,Ottawa
40135,Sequoyah
19095,Iowa
46083,Lincoln
55023,Crawford
36009,Cattaraugus
12121,Suwannee
27083,Lyon
29083,Henry
1079,Lawrence
18099,Marshall
55011,Buffalo
55035,Eau Claire
18055,Greene
19083,Hardin
48339,Montgomery
18137,Ripley
46011,Brookings
18077,Jefferson
30047,Lake
55097,Portage
38017,Cass
39139,Richland
39157,Tuscarawas
20041,Dickinson
38059,Morton
38077,Richland
17143,Peoria
19035,Cherokee
48193,Hamilton
51067,Franklin
39149,Shelby
27055,Houston
27173,Yellow Medicine
21191,Pendleton
17157,Randolph
30111,Yellowstone
27157,Wabasha
39103,Medina
40133,Seminole
17027,Clinton
39003,Allen
5115,Pope
19183,Washington
29207,Stoddard
51035,Carroll
8029,Delta
12127,Volusia
17203,Woodford
48441,Taylor
17163,St. Clair
39069,Henry
47053,Gibson
17081,Jefferson
42001,Adams
55061,Kewaunee
47123,Monroe
48291,Liberty
48303,Lubbock
29163,Pike
18135,Randolph
26117,Montcalm
27073,Lac qui Parle
36045,Jefferson
42075,Lebanon
45075,Orangeburg
51077,Grayson
47155,Sevier
19081,Hancock
27101,Murray
47125,Montgomery
19161,Sac
19021,Buena Vista
37057,Davidson
1003,Baldwin
6031,Kings
21079,Garrard
17085,Jo Daviess
17121,Marion
46109,Roberts
19051,Davis
48473,Waller
39167,Washington
19151,Pocahontas
21163,Meade
21187,Owen
26057,Gratiot
51061,Fauquier
51107,Loudoun
6053,Monterey
17111,McHenry
27009,Benton
39017,Butler
29033,Carroll
1083,Limestone
26073,Isabella
19025,Calhoun
19169,Story
21049,Clark
37157,Rockingham
40023,Choctaw
49057,Weber
19107,Keokuk
19049,Dallas
27135,Roseau
19069,Franklin
19085,Harrison
19089,Howard
40083,Logan
19029,Cass
40027,Cleveland
1089,Madison
21123,Larue
19145,Page
38049,McHenry
20139,Osage
27019,Carver
36117,Wayne
18093,Lawrence
19157,Poweshiek
29141,Morgan
29157,Perry
37191,Wayne
41035,Klamath
28067,Jones
29195,Saline
22041,Franklin
29057,Dade
31159,Seward
40073,Kingfisher
29015,Benton
17091,Kankakee
47031,Coffee
29039,Cedar
19163,Scott
40087,McClain
19127,Marshall
22079,Rapides
27033,Cottonwood
29011,Barton
39065,Hardin
22117,Washington
48067,Cass
36077,Otsego
21209,Scott
29053,Cooper
6089,Shasta
31003,Antelope
26149,St. Joseph
27079,Le Sueur
29125,Maries
47183,Weakley
39155,Trumbull
17109,McDonough
20177,Shawnee
6023,Humboldt
27139,Scott
5149,Yell
40109,Oklahoma
21203,Rockcastle
27037,Dakota
17137,Morgan
20111,Lyon
17037,DeKalb
21089,Greenup
31119,Madison
36011,Cayuga
5033,Crawford
20201,Washington
39143,Sandusky
46005,Beadle
5113,Polk
12101,Pasco
51173,Smyth
19007,Appanoose
39021,Champaign
47133,Overton
53067,Thurston
18075,Jay
17021,Christian
21231,Wayne
30029,Flathead
18065,Henry
13045,Carroll
18071,Jackson
26015,Barry
29003,Andrew
29153,Ozark
19079,Hamilton
29025,Caldwell
38105,Williams
21017,Bourbon
29061,Daviess
29115,Linn
37087,Haywood
40091,McIntosh
47091,Johnson
54077,Preston
8125,Yuma
40039,Custer
48365,Panola
56013,Fremont
18037,Dubois
19001,Adair
19067,Floyd
20045,Douglas
19111,Lee
1039,Covington
21135,Lewis
27147,Steele
39113,Montgomery
18133,Putnam
23003,Aroostook
40145,Wagoner
19015,Boone
29073,Gasconade
29137,Monroe
38003,Barnes
39053,Gallia
24043,Washington
48061,Cameron
8075,Logan
20037,Crawford
38015,Burleigh
39025,Clermont
42117,Tioga
39031,Coshocton
39093,Lorain
51171,Shenandoah
48399,Runnels
21109,Jackson
27025,Chisago
55139,Winnebago
1055,Etowah
21011,Bath
29081,Harrison
48451,Tom Green
39051,Fulton
20011,Bourbon
27117,Pipestone
55131,Washington
31131,Otoe
18047,Franklin
47017,Carroll
53075,Whitman
29149,Oregon
42081,Lycoming
12063,Jackson
15009,Maui
29017,Bollinger
1059,Franklin
27121,Pope
27133,Rock
39077,Huron
46093,Meade
19147,Palo Alto
39039,Defiance
17045,Edgar
1061,Geneva
21161,Mason
34037,Sussex
40061,Haskell
26049,Genesee
19075,Grundy
17189,Washington
38089,Stark
39059,Guernsey
40063,Hughes
47041,DeKalb
26065,Ingham
42051,Fayette
19131,Mitchell
40093,Major
51063,Floyd
27095,Mille Lacs
31053,Dodge
20149,Pottawatomie
31023,Butler
6033,Lake
20021,Cherokee
47077,Henderson
36017,Chenango
17107,Logan
27027,Clay
46023,Charles Mix
18017,Cass
18091,LaPorte
47079,Henry
15003,Honolulu
19179,Wapello
40143,Tulsa
46009,Bon Homme
8085,Montrose
16053,Jerome
37183,Wake
21175,Morgan
29001,Adair
19197,Wright
21015,Boone
38009,Bottineau
19153,Polk
29211,Sullivan
48077,Clay
17131,Mercer
19073,Greene
19133,Monona
20095,Kingman
39165,Warren
31011,Boone
55029,Door
19033,Cerro Gordo
48313,Madison
26017,Bay
29175,Randolph
31151,Saline
40011,Blaine
48253,Jones
53037,Kittitas
10001,Kent
1031,Coffee
5049,Fulton
6095,Solano
20079,Harvey
48059,Callahan
53017,Douglas
55127,Walworth
18063,Hendricks
19139,Muscatine
47067,Hancock
34005,Burlington
55015,Calumet
8087,Morgan
27151,Swift
48363,Palo Pinto
17079,Jasper
39057,Greene
47063,Hamblen
48471,Walker
45041,Florence
18141,St. Joseph
37159,Rowan
39091,Logan
39117,Morrow
55063,La Crosse
1069,Houston
16051,Jefferson
18177,Wayne
34025,Monmouth
38029,Emmons
13157,Jackson
18095,Madison
39171,Williams
5047,Franklin
21113,Jessamine
27103,Nicollet
28049,Hinds
36063,Niagara
42063,Indiana
48083,Coleman
19087,Henry
22011,Beauregard
40003,Alfalfa
38061,Mountrail
16067,Minidoka
40153,Woodward
8121,Washington
29023,Butler
30027,Fergus
39161,Van Wert
41061,Union
45063,Lexington
17115,Macon
19009,Audubon
21005,Anderson
24005,Baltimore
29095,Jackson
47015,Cannon
51003,Albemarle
27161,Waseca
29185,St. Clair
18029,Dearborn
20107,Linn
31139,Pierce
39159,Union
20009,Barton
20157,Republic
37085,Harnett
40105,Nowata
6113,Yolo
21061,Edmonson
37077,Granville
12095,Orange
17187,Warren
40009,Beckham
4003,Cochise
18183,Whitley
29209,Stone
29063,DeKalb
29065,Dent
29161,Phelps
51197,Wythe
42027,Centre
30031,Gallatin
38053,McKenzie
40053,Grant
48449,Titus
19173,Taylor
37001,Alamance
39033,Crawford
39133,Portage
48175,Goliad
54025,Greenbrier
16019,Bonneville
31185,York
42115,Susquehanna
13069,Coffee
47011,Bradley
28099,Neshoba
49013,Duchesne
18157,Tippecanoe
34033,Salem
12119,Sumter
31047,Dawson
55053,Jackson
5029,Conway
18169,Wabash
20133,Neosho
21053,Clinton
37045,Cleveland
48239,Jackson
19185,Wayne
54053,Mason
22019,Calcasieu
39141,Ross
29117,Livingston
40107,Okfuskee
45045,Greenville
46037,Day
29021,Buchanan
31079,Hall
26027,Cass
39027,Clinton
48005,Angelina
48209,Hays
8041,El Paso
18103,Miami
19101,Jefferson
47105,Loudon
5131,Sebastian
17061,Greene
21035,Calloway
26077,Kalamazoo
28129,Smith
29049,Clinton
5055,Greene
5085,Lonoke
39019,Carroll
28123,Scott
38019,Cavalier
39023,Clark
45089,Williamsburg
5031,Craighead
21173,Montgomery
27039,Dodge
37125,Moore
27059,Isanti
40103,Noble
48281,Lampasas
19177,Van Buren
29139,Montgomery
31025,Cass
18145,Shelby
29187,St. Francois
53021,Franklin
8013,Boulder
18179,Wells
27081,Lincoln
27137,St. Louis
53057,Skagit
8039,Elbert
27023,Chippewa
38035,Grand Forks
19041,Clay
34015,Gloucester
49047,Uintah
18147,Spencer
20003,Anderson
24037,St. Mary's
37189,Watauga
41009,Columbia
50011,Franklin
17029,Coles
40127,Pushmataha
48297,Live Oak
46135,Yankton
5061,Howard
6017,El Dorado
13119,Franklin
22055,Lafayette
46115,Spink
16031,Cassia
30013,Cascade
18107,Montgomery
29055,Crawford
41011,Coos
5057,Hempstead
35041,Roosevelt
40007,Beaver
26093,Livingston
36121,Wyoming
47019,Carter
13139,Hall
40075,Kiowa
22001,Acadia
37199,Yancey
48189,Hale
5023,Cleburne
36003,Allegany
36075,Oswego
36115,Washington
45091,York
18035,Delaware
19039,Clarke
21021,Boyle
18049,Fulton
19143,Osceola
29183,St. Charles
40129,Roger Mills
19093,Ida
36025,Delaware
1021,Chilton
8067,La Plata
21073,Franklin
38099,Walsh
40147,Washington
46123,Tripp
17025,Clay
18051,Gibson
19135,Monroe
27065,Kanabec
42109,Snyder
17023,Clark
38045,LaMoure
20051,Ellis
24025,Harford
31037,Colfax
31157,Scotts Bluff
47035,Cumberland
18069,Huntington
20169,Saline
26123,Newaygo
48333,Mills
36069,Ontario
42059,Greene
45073,Oconee
13071,Colquitt
17201,Winnebago
27165,Watonwan
47047,Fayette
17077,Jackson
18079,Jennings
29127,Marion
31147,Richardson
45003,Aiken
47131,Obion
54035,Jackson
40117,Pawnee
40043,Dewey
42005,Armstrong
45059,Laurens
8083,Montezuma
48249,Jim Wells
20005,Atchison
21023,Bracken
55057,Juneau
55107,Rusk
24045,Wicomico
27007,Beltrami
31177,Washington
47087,Jackson
55047,Green Lake
19175,Union
29099,Jefferson
48321,Matagorda
5065,Izard
19091,Humboldt
48113,Dallas
48237,Jack
48427,Starr
5121,Randolph
35047,San Miguel
48221,Hood
31093,Howard
48259,Kendall
18033,DeKalb
18139,Rush
31095,Jefferson
5127,Scott
18011,Boone
34041,Warren
37067,Forsyth
51163,Rockbridge
5129,Searcy
27053,Hennepin
1097,Mobile
38025,Dunn
41003,Benton
48025,Bee
19159,Ringgold
20089,Jewell
21067,Fayette
29089,Howard
18155,Switzerland
35045,San Juan
12027,DeSoto
21031,Butler
29047,Clay
31001,Adams
18019,Clark
20013,Brown
29165,Platte
46101,Moody
18073,Jasper
20001,Allen
39041,Delaware
39111,Monroe
40151,Woods
47081,Hickman
49035,Salt Lake
16047,Gooding
6115,Yuba
18119,Owen
6011,Colusa
36053,Madison
38005,Benson
48503,Young
6093,Siskiyou
40139,Texas
55133,Waukesha
6013,Contra Costa
17035,Cumberland
18181,White
17041,Douglas
16049,Idaho
18031,Decatur
19057,Des Moines
27163,Washington
39013,Belmont
19053,Decatur
19117,Lucas
19195,Worth
29111,Lewis
31179,Wayne
48091,Comal
8063,Kit Carson
13195,Madison
20197,Wabaunsee
24023,Garrett
46039,Deuel
42073,Lawrence
28079,Leake
20057,Ford
27021,Cass
46051,Grant
46077,Kingsbury
6087,Santa Cruz
38103,Wells
41033,Josephine
47109,McNairy
55075,Marinette
48411,San Saba
17089,Kane
39175,Wyandot
29205,Shelby
20183,Smith
29079,Grundy
42087,Mifflin
46053,Gregory
27159,Wadena
42127,Wayne
46087,McCook
21219,Todd
39129,Pickaway
47181,Wayne
51031,Campbell
48265,Kerr
5075,Lawrence
36049,Lewis
51117,Mecklenburg
17005,Bond
42017,Bucks
46029,Codington
16041,Franklin
21057,Cumberland
28101,Newton
28127,Simpson
46025,Clark
50001,Addison
17015,Carroll
21181,Nicholas
31081,Hamilton
36043,Herkimer
49039,Sanpete
17161,Rock Island
18109,Morgan
31169,Thayer
39097,Madison
46103,Pennington
18045,Fountain
5071,Johnson
13175,Laurens
54063,Monroe
19003,Adams
19189,Winnebago
31051,Dixon
18005,Bartholomew
28147,Walthall
39145,Scioto
48279,Lamb
18053,Grant
20027,Clay
27029,Clearwater
39055,Geauga
42037,Columbia
31121,Merrick
35061,Valencia
36123,Yates
37017,Bladen
1101,Montgomery
20031,Coffey
20091,Johnson
26107,Mecosta
28109,Pearl River
31033,Cheyenne
18131,Pulaski
21239,Woodford
29045,Clark
529,RHODE ISLAND
31059,Fillmore
5137,Stone
21029,Bullitt
29029,Camden
29186,Ste. Genevieve
37033,Caswell
39125,Paulding
1093,Marion
20029,Cloud
21177,Muhlenberg
55137,Waushara
31161,Sheridan
53071,Walla Walla
1015,Calhoun
40045,Ellis
40065,Jackson
18059,Hancock
27001,Aitkin
31143,Polk
39121,Noble
40069,Johnston
1133,Winston
18015,Carroll
18023,Clinton
21157,Marshall
56015,Goshen
29075,Gentry
31031,Cherry
22039,Evangeline
47167,Tipton
18083,Knox
26127,Oceana
47065,Hamilton
47157,Shelby
8001,Adams
19137,Montgomery
20073,Greenwood
36051,Livingston
40077,Latimer
1111,Randolph
8101,Pueblo
39115,Morgan
40085,Love
45081,Saluda
22031,De Soto
42043,Dauphin
28115,Pontotoc
38037,Grant
39127,Perry
46079,Lake
21107,Hopkins
18057,Hamilton
49027,Millard
1115,St. Clair
16005,Bannock
36067,Onondaga
9005,Litchfield
17053,Ford
28139,Tippah
30009,Carbon
30105,Valley
24011,Caroline
28107,Panola
38067,Pembina
40141,Tillman
42099,Perry
48415,Scurry
48463,Uvalde
5133,Sevier
16057,Latah
39099,Mahoning
41051,Multnomah
1109,Pike
12059,Holmes
18021,Clay
29171,Putnam
34011,Cumberland
42061,Huntingdon
54027,Hampshire
54033,Harrison
17199,Williamson
42107,Schuylkill
48241,Jasper
21215,Spencer
28085,Lincoln
20135,Ness
20205,Wilson
28145,Union
42067,Juniata
48031,Blanco
48019,Bandera
21063,Elliott
21223,Trimble
42097,Northumberland
28121,Rankin
54071,Pendleton
5021,Clay
13129,Gordon
16055,Kootenai
29103,Knox
31167,Stanton
38021,Dickey
18081,Johnson
28137,Tate
35037,Quay
46127,Union
50019,Orleans
51141,Patrick
37069,Franklin
17133,Monroe
27107,Norman
40029,Coal
40033,Cotton
5135,Sharp
36071,Orange
29085,Hickory
41001,Baker
12081,Manatee
17159,Richland
31035,Clay
55101,Racine
29173,Ralls
37167,Stanly
5089,Marion
9011,New London
19063,Emmet
21101,Henderson
28081,Lee
47173,Union
27017,Carlton
48207,Haskell
5141,Van Buren
39101,Marion
56029,Park
16075,Payette
51085,Hanover
17033,Crawford
20147,Phillips
21213,Simpson
48165,Gaines
54055,Mercer
17083,Jersey
18153,Sullivan
24033,Prince George's
31021,Burt
37147,Pitt
20141,Osborne
23019,Penobscot
13001,Appling
17055,Franklin
19059,Dickinson
28093,Marshall
37059,Davie
39087,Lawrence
49011,Davis
17145,Perry
21111,Jefferson
12023,Columbia
13295,Walker
19071,Fremont
19129,Mills
25023,Plymouth
48151,Fisher
48373,Polk
16045,Gem
21037,Campbell
38057,Mercer
5101,Newton
9003,Hartford
22069,Natchitoches
45077,Pickens
48455,Trinity
21033,Caldwell
27149,Stevens
29199,Scotland
18105,Monroe
38023,Divide
29219,Warren
48117,Deaf Smith
13031,Bulloch
31129,Nuckolls
37003,Alexander
42007,Beaver
6069,San Benito
37127,Nash
1051,Elmore
8009,Baca
39009,Athens
53043,Lincoln
13267,Tattnall
47085,Humphreys
32001,Churchill
35009,Curry
47071,Hardin
51139,Page
27035,Crow Wing
29213,Taney
42021,Cambria
13117,Forsyth
20159,Rice
35005,Chaves
36057,Montgomery
45029,Colleton
46019,Butte
47145,Roane
18117,Orange
18167,Vigo
21051,Clay
22033,East Baton Rouge
29169,Pulaski
38071,Ramsey
28091,Marion
30015,Chouteau
21055,Crittenden
22083,Richland
36107,Tioga
46105,Perkins
51023,Botetourt
51121,Montgomery
24031,Montgomery
27003,Anoka
28029,Copiah
36007,Broome
37035,Catawba
48307,McCulloch
48319,Mason
16073,Owyhee
20143,Ottawa
27141,Sherburne
28159,Winston
38069,Pierce
48219,Hockley
12099,Palm Beach
18067,Howard
20105,Lincoln
35025,Lea
36037,Genesee
37107,Lenoir
47027,Clay
17123,Marshall
28031,Covington
29069,Dunklin
39047,Fayette
39105,Meigs
8035,Douglas
19115,Louisa
28095,Monroe
36095,Schoharie
48369,Parmer
51069,Frederick
22053,Jefferson Davis
13131,Grady
45071,Newberry
46059,Hand
48381,Randall
21205,Rowan
22115,Vernon
29201,Scott
20077,Harper
25015,Hampshire
54107,Wood
26099,Macomb
47021,Cheatham
20127,Morris
48159,Franklin
18123,Perry
22123,West Carroll
47007,Bledsoe
47045,Dyer
31013,Box Butte
31097,Johnson
5091,Miller
35001,Bernalillo
36033,Franklin
37005,Alleghany
41027,Hood River
1033,Colbert
8099,Prowers
13011,Banks
30085,Roosevelt
45001,Abbeville
38043,Kidder
39123,Ottawa
20193,Thomas
5111,Poinsett
20043,Doniphan
20123,Mitchell
21117,Kenton
29197,Schuyler
53039,Klickitat
16017,Bonner
29181,Ripley
31127,Nemaha
46045,Edmunds
50027,Windsor
48163,Frio
23011,Kennebec
28113,Pike
37089,Henderson
48299,Llano
48485,Wichita
17007,Boone
24017,Charles
38013,Burke
13057,Cherokee
20167,Russell
28033,DeSoto
38051,McIntosh
17147,Piatt
21091,Hancock
56021,Laramie
430,ALASKA
8089,Otero
12055,Highlands
17181,Union
35057,Torrance
38047,Logan
17125,Mason
38097,Traill
47113,Madison
54031,Hardy
29129,Mercer
56033,Sheridan
1121,Talladega
20165,Rush
21065,Estill
30041,Hill
37161,Rutherford
1041,Crenshaw
25005,Bristol
25011,Franklin
29221,Washington
31163,Sherman
45025,Chesterfield
18151,Steuben
27051,Grant
50017,Orange
50021,Rutland
48379,Rains
12033,Escambia
17093,Kendall
31137,Phelps
54079,Putnam
17039,De Witt
1013,Butler
12079,Madison
23031,York
28153,Wayne
8043,Fremont
18127,Porter
20185,Stafford
31175,Valley
38063,Nelson
51185,Tazewell
25017,Middlesex
35035,Otero
38081,Sargent
47049,Fentress
56003,Big Horn
17063,Grundy
20195,Trego
22037,East Feliciana
41013,Crook
45057,Lancaster
46057,Hamlin
48305,Lynn
21237,Wolfe
48355,Nueces
20153,Rawlins
20161,Riley
26133,Osceola
27113,Pennington
53001,Adams
8071,Las Animas
17139,Moultrie
17169,Schuyler
24003,Anne Arundel
54087,Roane
56023,Lincoln
12075,Levy
30099,Teton
48267,Kimble
17013,Calhoun
17065,Hamilton
20063,Gove
26125,Oakland
48437,Swisher
20179,Sheridan
31099,Kearney
36023,Cortland
42119,Union
20181,Sherman
28005,Amite
46035,Davison
28163,Yazoo
30005,Blaine
46043,Douglas
51037,Charlotte
38095,Towner
54003,Berkeley
48245,Jefferson
28017,Chickasaw
38079,Rolette
46091,Marshall
22023,Cameron
31135,Perkins
30083,Richland
37145,Person
47001,Anderson
47039,Decatur
47069,Hardeman
13147,Hart
21007,Ballard
22017,Caddo
27167,Wilkin
29203,Shannon
35055,Taos
37117,Martin
54001,Barbour
56005,Campbell
6025,Imperial
22111,Union
18121,Parke
5005,Baxter
6001,Alameda
18007,Benton
26111,Midland
30091,Sheridan
31181,Webster
40067,Jefferson
42031,Clarion
47037,Davidson
48087,Collingsworth
13137,Habersham
21233,Webster
27011,Big Stone
27061,Itasca
36019,Clinton
48429,Stephens
54051,Marshall
29087,Holt
31065,Furnas
35015,Eddy
13019,Berrien
42057,Fulton
46089,McPherson
5059,Hot Spring
12097,Osceola
13275,Thomas
24047,Worcester
31133,Pawnee
36055,Monroe
39049,Franklin
51047,Culpeper
30063,Missoula
1127,Walker
12113,Santa Rosa
18089,Lake
41063,Wallowa
47013,Campbell
36073,Orleans
37025,Cabarrus
46031,Corson
21153,Magoffin
27069,Kittson
28065,Jefferson Davis
37051,Cumberland
38073,Ransom
5093,Mississippi
17071,Henderson
20007,Barber
20053,Ellsworth
28089,Madison
40055,Greer
48487,Wilbarger
12071,Lee
46003,Aurora
48445,Terry
13321,Worth
48153,Floyd
50005,Caledonia
51009,Amherst
54097,Upshur
6057,Nevada
13115,Floyd
16043,Fremont
24015,Cecil
28075,Lauderdale
1091,Marengo
20069,Gray
48457,Tyler
1019,Cherokee
21149,McLean
22085,Sabine
36091,Saratoga
47097,Lauderdale
48483,Wheeler
55089,Ozaukee
12009,Brevard
31125,Nance
41065,Wasco
1125,Tuscaloosa
40099,Murray
42091,Montgomery
54061,Monongalia
1117,Shelby
6009,Calaveras
13297,Walton
22103,St. Tammany
31045,Dawes
37013,Beaufort
40059,Harper
13027,Brooks
21145,McCracken
28057,Itawamba
28103,Noxubee
48063,Camp
48167,Galveston
48353,Nolan
51113,Madison
5109,Pike
17087,Johnson
18129,Posey
23025,Somerset
31123,Morrill
36083,Rensselaer
37109,Lincoln
1005,Barbour
30049,Lewis and Clark
46027,Clay
17165,Saline
29005,Atchison
8021,Conejos
16065,Madison
18171,Warren
30003,Big Horn
1045,Dale
17127,Massac
46097,Miner
55077,Marquette
9015,Windham
37135,Orange
38041,Hettinger
38075,Renville
21185,Oldham
5097,Montgomery
13205,Mitchell
22077,Pointe Coupee
42065,Jefferson
48115,Dawson
8045,Garfield
15007,Kauai
23005,Cumberland
36027,Dutchess
16087,Washington
20151,Pratt
35059,Union
37195,Wilson
48069,Castro
24009,Calvert
28061,Jasper
35033,Mora
13313,Whitfield
20163,Rooks
26051,Gladwin
27057,Hubbard
26121,Muskegon
36109,Tompkins
37133,Onslow
42077,Lehigh
8073,Lincoln
13091,Dodge
55091,Pepin
1107,Pickens
17193,White
31061,Franklin
6049,Modoc
37015,Bertie
45047,Greenwood
51137,Orange
55069,Lincoln
26007,Alpena
31015,Boyd
36021,Columbia
46015,Brule
1099,Monroe
21121,Knox
38083,Sheridan
47075,Haywood
18025,Crawford
31077,Greeley
39067,Harrison
48009,Archer
48141,El Paso
5099,Nevada
8107,Routt
30071,Phillips
45023,Chester
49015,Emery
16007,Bear Lake
21165,Menifee
28069,Kemper
31063,Frontier
42123,Warren
12053,Hernando
20065,Graham
47033,Crockett
47137,Pickett
22025,Catahoula
28007,Attala
20055,Finney
40025,Cimarron
41025,Harney
48409,San Patricio
31145,Red Willow
34035,Somerset
20145,Pawnee
22063,Livingston
28003,Alcorn
20137,Norton
25013,Hampden
28039,George
29143,New Madrid
36103,Suffolk
39095,Lucas
42013,Blair
18041,Fayette
46111,Sanborn
18159,Tipton
26105,Mason
28013,Calhoun
28051,Holmes
56031,Platte
13013,Barrow
30021,Dawson
55099,Price
1047,Dallas
1073,Jefferson
20119,Meade
21235,Whitley
27155,Traverse
29123,Madison
50007,Chittenden
56011,Crook
4027,Yuma
12131,Walton
28015,Carroll
28117,Prentiss
48119,Delta
13015,Bartow
20023,Cheyenne
22119,Webster
53015,Cowlitz
55059,Kenosha
28073,Lamar
36111,Ulster
1027,Clay
22015,Bossier
35053,Socorro
39079,Jackson
4025,Yavapai
18149,Starke
20019,Chautauqua
53027,Grays Harbor
1129,Washington
5051,Garland
8059,Jefferson
39081,Jefferson
51109,Louisa
55013,Burnett
12107,Putnam
18173,Warrick
20083,Hodgeman
48095,Concho
5105,Perry
30095,Stillwater
31173,Thurston
36001,Albany
27087,Mahnomen
46085,Lyman
17017,Cass
45021,Cherokee
46041,Dewey
54083,Randolph
1065,Hale
20207,Woodson
37131,Northampton
4021,Pinal
18143,Scott
21221,Trigg
23029,Washington
26055,Grand Traverse
45085,Sumter
51111,Lunenburg
54075,Pocahontas
55067,Langlade
20039,Decatur
21139,Livingston
41023,Grant
47127,Moore
53035,Kitsap
4019,Pima
28071,Lafayette
29223,Wayne
39131,Pike
47005,Benton
24035,Queen Anne's
46061,Hanson
5119,Pulaski
36099,Seneca
38039,Griggs
42079,Luzerne
45027,Clarendon
48343,Morris
54023,Grant
39073,Hocking
40095,Marshall
22003,Allen
48479,Webb
17129,Menard
49041,Sevier
13107,Emanuel
49043,Summit
1053,Escambia
42095,Northampton
47061,Grundy
20049,Elk
39043,Erie
47169,Trousdale
12031,Duval
42121,Venango
48017,Bailey
13151,Henry
18101,Martin
18111,Newton
34027,Morris
47023,Chester
51155,Pulaski
13211,Morgan
21127,Lawrence
1029,Cleburne
5081,Little River
13135,Gwinnett
17009,Brown
22091,St. Helena
47143,Rhea
55007,Bayfield
1017,Chambers
13005,Bacon
13229,Pierce
28025,Clay
48081,Coke
51011,Appomattox
51125,Nelson
12093,Okeechobee
13185,Lowndes
5019,Clark
24027,Howard
31083,Harlan
31087,Hitchcock
37023,Burke
48335,Mitchell
54049,Marion
34001,Atlantic
37079,Greene
47161,Stewart
48407,San Jacinto
6005,Amador
13077,Coweta
33009,Grafton
54089,Summers
5125,Saline
13277,Tift
20109,Logan
28105,Oktibbeha
30089,Sanders
31153,Sarpy
46129,Walworth
28087,Lowndes
51053,Dinwiddie
54041,Lewis
17101,Lawrence
18043,Floyd
31055,Douglas
33013,Merrimack
41037,Lake
42033,Clearfield
16029,Caribou
22045,Iberia
23017,Oxford
23027,Waldo
37083,Halifax
49053,Washington
5067,Jackson
13155,Irwin
30035,Glacier
30073,Pondera
38011,Bowman
1035,Conecuh
12111,St. Lucie
27125,Red Lake
51071,Giles
1067,Henry
1081,Lee
51029,Buckingham
22057,Lafourche
28135,Tallahatchie
30017,Custer
54011,Cabell
54085,Ritchie
22073,Ouachita
51021,Bland
26033,Chippewa
37007,Anson
45031,Darlington
13279,Toombs
17175,Stark
47121,Meigs
53009,Clallam
9009,New Haven
24039,Somerset
1123,Tallapoosa
5001,Arkansas
8095,Phillips
42003,Allegheny
48357,Ochiltree
30057,Madison
38001,Adams
26089,Leelanau
37065,Edgecombe
38091,Steele
28023,Clarke
37027,Caldwell
45079,Richland
48227,Howard
1001,Autauga
1119,Sumter
40057,Harmon
51025,Brunswick
28041,Greene
55001,Adams
13087,Decatur
33015,Rockingham
37141,Pender
5027,Columbia
12091,Okaloosa
54057,Mineral
4017,Navajo
12041,Gilchrist
37121,Mitchell
50023,Washington
21041,Carroll
38065,Oliver
5117,Prairie
22067,Morehouse
24019,Dorchester
29227,Worth
41057,Tillamook
1085,Lowndes
13105,Elbert
13317,Wilkes
21189,Owsley
22005,Ascension
33011,Hillsborough
41031,Jefferson
51157,Rappahannock
55129,Washburn
26109,Menominee
47129,Morgan
51147,Prince Edward
17047,Edwards
30055,McCone
37185,Warren
8081,Moffat
12039,Gadsden
13233,Polk
28077,Lawrence
46033,Custer
51135,Nottoway
12007,Bradford
13221,Oglethorpe
16069,Nez Perce
17171,Scott
30067,Park
45015,Berkeley
1057,Fayette
21039,Carlisle
54037,Jefferson
37105,Lee
48433,Stonewall
31029,Chase
46049,Faulk
46055,Haakon
48065,Carson
48107,Crosby
48129,Donley
49021,Iron
51091,Highland
54007,Braxton
12061,Indian River
17097,Lake
20047,Edwards
36097,Schuyler
38027,Eddy
48505,Zapata
1087,Macon
46021,Campbell
1075,Lamar
8105,Rio Grande
21225,Union
22061,Lincoln
29155,Pemiscot
35027,Lincoln
9013,Tolland
16059,Lemhi
25003,Berkshire
25009,Essex
31017,Brown
5123,St. Francis
13299,Ware
26035,Clare
35043,Sandoval
46071,Jackson
48405,San Augustine
16071,Oneida
5037,Cross
54067,Nicholas
20097,Kiowa
22029,Concordia
31101,Keith
42105,Potter
45035,Dorchester
1105,Perry
28097,Montgomery
29179,Reynolds
42131,Wyoming
10003,New Castle
28011,Bolivar
37049,Craven
37071,Gaston
51175,Southampton
13033,Burke
35049,Santa Fe
13219,Oconee
13305,Wayne
48199,Hardin
18125,Pike
37113,Macon
48071,Chambers
48183,Gregg
48329,Midland
5107,Phillips
13311,White
30019,Daniels
30045,Judith Basin
41049,Morrow
45087,Union
16063,Lincoln
51043,Clarke
12133,Washington
18165,Vermillion
48197,Hardeman
5043,Drew
12017,Citrus
12115,Sarasota
36015,Chemung
46073,Jerauld
21201,Robertson
22065,Madison
23009,Hancock
48179,Gray
4001,Apache
12117,Seminole
28141,Tishomingo
31165,Sioux
38031,Foster
13099,Early
13251,Screven
29093,Iron
32007,Elko
13315,Wilcox
23001,Androscoggin
30087,Rosebud
31043,Dakota
41041,Lincoln
48361,Orange
51089,Henry
12089,Nassau
48295,Lipscomb
53029,Island
13261,Sumter
32031,Washoe
48317,Martin
13303,Washington
24029,Kent
47115,Marion
8061,Kiowa
26011,Arenac
51007,Amelia
12065,Jefferson
16003,Adams
21025,Breathitt
21077,Gallatin
21197,Powell
32019,Lyon
13271,Telfair
20171,Scott
46047,Fall River
48191,Hall
13163,Jefferson
18163,Vanderburgh
22013,Bienville
26113,Missaukee
28047,Harrison
48023,Baylor
6059,Orange
8017,Cheyenne
18115,Ohio
45011,Barnwell
8003,Alamosa
16021,Boundary
36105,Sullivan
39061,Hamilton
5077,Lee
12051,Hendry
54017,Doddridge
54091,Taylor
5139,Union
13231,Pike
20101,Lane
49045,Tooele
28161,Yalobusha
37181,Vance
48047,Brooks
31105,Kimball
48275,Knox
48327,Menard
1011,Bullock
12011,Broward
26141,Presque Isle
37119,Mecklenburg
51161,Roanoke
54043,Lincoln
13075,Cook
13143,Haralson
20017,Chase
45061,Lee
46107,Potter
26163,Wayne
30011,Carter
49051,Wasatch
13291,Union
28155,Webster
31057,Dundy
31149,Rock
34021,Mercer
46007,Bennett
51065,Fluvanna
55031,Douglas
5017,Chicot
20203,Wichita
30101,Toole
51153,Prince William
30097,Sweet Grass
38087,Slope
48447,Throckmorton
13199,Meriwether
13161,Jeff Davis
13201,Miller
18009,Blackford
20199,Wallace
48125,Dickens
6035,Lassen
12073,Leon
13287,Turner
22099,St. Martin
31069,Garden
42093,Montour
46081,Lawrence
35017,Grant
35019,Guadalupe
46095,Mellette
51177,Spotsylvania
12067,Lafayette
22027,Claiborne
26129,Ogemaw
30025,Fallon
35007,Colfax
45067,Marion
13055,Chattooga
16039,Elmore
20189,Stevens
48111,Dallam
56027,Niobrara
4009,Graham
6109,Tuolumne
17151,Pope
26101,Manistee
45017,Calhoun
46119,Sully
47139,Polk
13047,Catoosa
13285,Troup
28059,Jackson
42035,Clinton
46137,Ziebach
50025,Windham
5073,Lafayette
6043,Mariposa
8011,Bent
13217,Newton
31073,Gosper
46065,Hughes
48169,Garza
51800,Suffolk
54095,Tyler
56009,Converse
29189,St. Louis
45037,Edgefield
46063,Harding
5011,Bradley
13025,Brantley
13123,Gilmer
37011,Avery
54081,Raleigh
5069,Jefferson
18161,Union
5003,Ashley
20093,Kearny
28035,Forrest
47171,Unicoi
1063,Greene
13003,Atkinson
18097,Marion
26009,Antrim
31085,Hayes
39153,Summit
51001,Accomack
56041,Uinta
48413,Schleicher
56019,Johnson
8005,Arapahoe
21143,Lyon
28111,Perry
30075,Powder River
38007,Billings
45009,Bamberg
45049,Hampton
47083,Houston
16037,Custer
20067,Grant
28133,Sunflower
39085,Lake
47151,Scott
28131,Stone
37123,Montgomery
42069,Lackawanna
45033,Dillon
48351,Newton
8055,Huerfano
20081,Haskell
22021,Caldwell
41007,Clatsop
48501,Yoakum
13223,Paulding
30001,Beaverhead
49029,Morgan
53049,Pacific
5079,Lincoln
13193,Macon
48057,Calhoun
6081,San Mateo
13043,Candler
13121,Fulton
54021,Gilmer
21115,Johnson
22081,Red River
46121,Todd
56001,Albany
1131,Wilcox
4005,Coconino
13187,Lumpkin
20061,Geary
26041,Delta
48425,Somervell
13167,Johnson
16081,Teton
37039,Cherokee
45055,Kershaw
13213,Murray
21105,Hickman
34029,Ocean
51049,Cumberland
5041,Desha
48137,Edwards
1023,Choctaw
17185,Wabash
20175,Seward
35003,Catron
49017,Garfield
51075,Goochland
56025,Natrona
9007,Middlesex
20033,Comanche
48075,Childress
30065,Musselshell
12047,Hamilton
23013,Knox
37153,Richmond
1025,Clarke
16077,Power
38033,Golden Valley
8103,Rio Blanco
24001,Allegany
37019,Brunswick
48371,Pecos
5025,Cleveland
13255,Spalding
17059,Gallatin
20025,Clark
26001,Alcona
37143,Perquimans
44007,Providence
46069,Hyde
50015,Lamoille
5095,Monroe
20075,Hamilton
33005,Cheshire
48273,Kleberg
48283,La Salle
13145,Harris
13209,Montgomery
30053,Lincoln
36039,Greene
48045,Briscoe
48195,Hansford
12085,Martin
13189,McDuffie
17153,Pulaski
26069,Iosco
31049,Deuel
17031,Cook
21019,Boyd
23015,Lincoln
37187,Washington
28043,Grenada
45043,Georgetown
13113,Fayette
20129,Morton
23007,Franklin
29133,Mississippi
30077,Powell
42083,McKean
48489,Willacy
54103,Wetzel
1037,Coosa
1113,Russell
53051,Pend Oreille
13153,Houston
16035,Clearwater
30043,Jefferson
31071,Garfield
47175,Van Buren
48211,Hemphill
48421,Sherman
13133,Greene
34023,Middlesex
47135,Perry
29035,Carter
48341,Moore
56045,Weston
13093,Dooly
28009,Benton
32003,Clark
39163,Vinton
48385,Real
48417,Shackelford
51079,Greene
2020,Anchorage
9001,Fairfield
12019,Clay
13159,Jasper
28019,Choctaw
48011,Armstrong
48079,Cochran
48311,McMullen
51187,Warren
56007,Carbon
13171,Lamar
53019,Ferry
5035,Crittenden
6041,Marin
26029,Charlevoix
8025,Crowley
13023,Bleckley
24041,Talbot
45019,Charleston
48465,Val Verde
13083,Dade
13227,Pickens
21129,Lee
47101,Lewis
48403,Sabine
48507,Zavala
48315,Marion
55003,Ashland
51145,Powhatan
5053,Grant
8115,Sedgwick
20071,Greeley
45039,Fairfield
54105,Wirt
22043,Grant
31103,Keya Paha
37073,Gates
37111,McDowell
22107,Tensas
30033,Garfield
56035,Sublette
20187,Stanton
35031,McKinley
38085,Sioux
48391,Refugio
12003,Baker
26047,Emmet
26165,Wexford
33017,Strafford
46113,Shannon
28157,Wilkinson
44009,Washington
48127,Dimmit
49001,Beaver
48397,Rockwall
8109,Saguache
12125,Union
13017,Ben Hill
13081,Crisp
16013,Blaine
22059,La Salle
5147,Woodruff
27071,Koochiching
28045,Hancock
33019,Sullivan
37099,Jackson
48135,Ector
46117,Stanley
49037,San Juan
54019,Fayette
5103,Ouachita
28037,Franklin
28151,Washington
13257,Stephens
16009,Benewah
28021,Claiborne
54099,Wayne
13103,Effingham
13111,Fannin
13273,Terrell
22035,East Carroll
28063,Jefferson
46075,Jones
48155,Foard
51093,Isle of Wight
13293,Upson
22049,Jackson
27077,Lake of the Woods
28053,Humphreys
13085,Dawson
26031,Cheboygan
48173,Glasscock
54093,Tucker
17155,Putnam
48435,Sutton
49023,Juab
8023,Costilla
22125,West Feliciana
30007,Broadwater
36031,Essex
1007,Bibb
36035,Fulton
48345,Motley
13253,Seminole
17069,Hardin
37103,Jones
31183,Wheeler
33007,Coos
13165,Jenkins
18013,Brown
49007,Carbon
49055,Wayne
51033,Caroline
51045,Craig
28119,Quitman
35006,Cibola
47153,Sequatchie
48247,Jim Hogg
54013,Calhoun
34007,Camden
37175,Transylvania
13269,Taylor
35021,Harding
54039,Kanawha
13207,Monroe
13181,Lincoln
32013,Humboldt
35011,De Baca
37149,Polk
48323,Maverick
35051,Sierra
51179,Stafford
51550,Chesapeake
4015,Mohave
12043,Glades
16023,Butte
37139,Pasquotank
48205,Hartley
20209,Wyandotte
28083,Leflore
34009,Cape May
37043,Clay
13095,Dougherty
13237,Putnam
17003,Alexander
41015,Curry
12021,Collier
45069,Marlboro
2090,Fairbanks North Star
13309,Wheeler
13149,Heard
13169,Jones
28149,Warren
13109,Evans
22127,Winn
51005,Alleghany
51131,Northampton
32005,Douglas
37041,Chowan
12015,Charlotte
48101,Cottle
56043,Washakie
31007,Banner
33003,Carroll
37091,Hertford
37093,Hoke
51149,Prince George
25021,Norfolk
48233,Hutchinson
8093,Park
13073,Columbia
30109,Wibaux
42047,Elk
55113,Sawyer
37075,Graham
8015,Chaffee
13225,Peach
45053,Jasper
53013,Columbia
53055,San Juan
16061,Lewis
30079,Prairie
53045,Mason
21075,Fulton
36093,Schenectady
42025,Carbon
37063,Durham
42113,Sullivan
48375,Potter
51081,Greensville
8007,Archuleta
33001,Belknap
51183,Sussex
23021,Piscataquis
30051,Liberty
54065,Morgan
35029,Luna
41055,Sherman
42089,Monroe
50003,Bennington
51810,Virginia Beach
53023,Garfield
13035,Butts
41069,Wheeler
8051,Gunnison
26061,Houghton
28027,Coahoma
56037,Sweetwater
13281,Towns
51087,Henrico
51097,King and Queen
13067,Cobb
13197,Marion
13301,Warren
48389,Reeves
12109,St. Johns
48263,Kent
51041,Chesterfield
13241,Rabun
22047,Iberville
48235,Irion
51159,Richmond
13263,Talbot
22075,Plaquemines
51193,Westmoreland
54069,Ohio
8033,Dolores
8049,Grand
13021,Bibb
26137,Otsego
35023,Hidalgo
51195,Wise
22109,Terrebonne
49025,Kane
51059,Fairfax
53031,Jefferson
4023,Santa Cruz
48105,Crockett
12013,Calhoun
28001,Adams
51099,King George
4007,Gila
12123,Taylor
13177,Lee
23023,Sagadahoc
25001,Barnstable
30107,Wheatland
31113,Logan
5013,Calhoun
48003,Andrews
56017,Hot Springs
26019,Benzie
31115,Loup
49033,Rich
13079,Crawford
21147,McCreary
32023,Nye
51133,Northumberland
53003,Asotin
8027,Custer
13247,Rockdale
13283,Treutlen
26119,Montmorency
41021,Gilliam
48377,Presidio
54073,Pleasants
13007,Baker
13235,Pulaski
6063,Plumas
13009,Baldwin
53069,Wahkiakum
5039,Dallas
37095,Hyde
51017,Bath
51057,Essex
55041,Forest
13243,Randolph
13245,Richmond
32027,Pershing
30039,Granite
45005,Allendale
48033,Borden
12029,Dixie
13289,Twiggs
6105,Trinity
31117,McPherson
32017,Lincoln
51101,King William
13141,Hancock
21071,Floyd
50013,Grand Isle
8037,Eagle
26085,Lake
30059,Meagher
13097,Douglas
13173,Lanier
31009,Blaine
45013,Beaufort
51073,Gloucester
13037,Calhoun
37031,Carteret
48229,Hudspeth
37165,Scotland
48271,Kinney
48359,Oldham
51051,Dickenson
16085,Valley
32033,White Pine
44005,Newport
51027,Buchanan
30093,Silver Bow
30037,Golden Valley
39035,Cuyahoga
54015,Clay
26131,Ontonagon
48043,Brewster
48461,Upton
51181,Surry
13319,Wilkinson
54101,Webster
2122,Kenai Peninsula
26043,Dickinson
13249,Schley
31171,Thomas
49031,Piute
8113,San Miguel
12103,Pinellas
34003,Bergen
13259,Stewart
12129,Wakulla
13065,Clinch
12035,Flagler
45065,McCormick
8057,Jackson
30103,Treasure
37177,Tyrrell
48393,Roberts
4011,Greenlee
26103,Marquette
55079,Milwaukee
48443,Terrell
13101,Echols
26135,Oscoda
30069,Petroleum
37173,Swain
55085,Oneida
54009,Brooke
22121,West Baton Rouge
26079,Kalkaska
48383,Reagan
50009,Essex
55037,Florence
56039,Teton
6015,Del Norte
8119,Teller
13049,Charlton
16025,Camas
28055,Issaquena
37029,Camden
49019,Grand
13125,Glascock
48475,Ward
13307,Webster
26071,Iron
26097,Mackinac
37053,Currituck
46017,Buffalo
47095,Lake
54029,Hancock
12077,Liberty
51119,Middlesex
32015,Lander
8091,Ouray
31091,Hooker
13265,Taliaferro
22101,St. Mary
37137,Pamlico
31005,Arthur
13183,Long
17043,DuPage
6027,Inyo
51103,Lancaster
4012,La Paz
28143,Tunica
30061,Mineral
48109,Culberson
51127,New Kent
36119,Westchester
53059,Skamania
30023,Deer Lodge
32011,Eureka
16015,Boise
21013,Bell
22089,St. Charles
26013,Baraga
13059,Clarke
44003,Kent
51036,Charles City
6051,Mono
26003,Alger
48243,Jeff Davis
51115,Mathews
12005,Bay
16033,Clark
37129,New Hanover
55051,Iron
21195,Pike
36113,Warren
48431,Sterling
51095,James City
54109,Wyoming
13029,Bryan
22051,Jefferson
31075,Grant
8097,Pitkin
13063,Clayton
28125,Sharkey
42045,Delaware
22007,Assumption
51199,York
26153,Schoolcraft
6091,Sierra
13179,Liberty
26053,Gogebic
13039,Camden
13089,DeKalb
25007,Dukes
48103,Crane
34031,Passaic
13215,Muscogee
13061,Clay
16079,Shoshone
48007,Aransas
21193,Perry
54005,Boone
13127,Glynn
26143,Roscommon
27075,Lake
42053,Forest
13051,Chatham
32021,Mineral
55125,Vilas
13191,McIntosh
36079,Putnam
42103,Pike
21119,Knott
21133,Letcher
36059,Nassau
26095,Luce
22093,St. James
27123,Ramsey
48269,King
49009,Daggett
13239,Quitman
22087,St. Bernard
21095,Harlan
42023,Cameron
12045,Gulf
21159,Martin
32510,Carson City city
44001,Bristol
21131,Leslie
48261,Kenedy
48495,Winkler
26039,Crawford
32009,Esmeralda
36087,Rockland
54045,Logan
22095,St. John the Baptist
8065,Lake
2016,Aleutians West
8117,Summit
13053,Chattahoochee
34013,Essex
25019,Nantucket
8031,Denver
8047,Gilpin
8053,Hinsdale
22071,Orleans
8019,Clear Creek
48301,Loving
34039,Union
54047,McDowell
54059,Mingo
2110,Juneau
8079,Mineral
12087,Monroe
27031,Cook
12037,Franklin
35028,Los Alamos
42101,Philadelphia
6003,Alpine
32029,Storey
37055,Dare
6075,San Francisco
26083,Keweenaw
51013,Arlington
8111,San Juan
25025,Suffolk
36041,Hamilton
36047,Kings
36085,Richmond
55078,Menominee
2013,Aleutians East
2050,Bethel
2060,Bristol Bay
2068,Denali
2070,Dillingham
2100,Haines
2105,Hoonah-Angoon
2130,Ketchikan Gateway
2150,Kodiak Island
2164,Lake and Peninsula
2170,Matanuska-Susitna
2180,Nome
2185,North Slope
2188,Northwest Arctic
2195,Petersburg
2198,Prince of Wales-Hyder
2220,Sitka
2230,Skagway
2240,Southeast Fairbanks
2261,Valdez-Cordova
2270,Wade Hampton
2275,Wrangell
2282,Yakutat
2290,Yukon-Koyukuk
8014,Broomfield
0,District of Columbia
15005,Kalawao
24510,Baltimore city
29510,St. Louis city
30113,Yellowstone National Park
34017,Hudson
36005,Bronx
36061,New York
36081,Queens
51510,Alexandria
51515,Bedford
51520,Bristol
51530,Buena Vista
51540,Charlottesville
51560,Clifton Forge
51570,Colonial Heights
51580,Covington
51590,Danville
51595,Emporia
51600,Fairfax
51610,Falls Church
51620,Franklin
51630,Fredericksburg
51640,Galax
51650,Hampton
51660,Harrisonburg
51670,Hopewell
51678,Lexington
51680,Lynchburg
51683,Manassas
51685,Manassas Park
51690,Martinsville
51700,Newport News
51710,Norfolk
51720,Norton
51730,Petersburg
51735,Poquoson
51740,Portsmouth
51750,Radford
51760,Richmond
51770,Roanoke
51775,Salem
51780,South Boston
51790,Staunton
51820,Waynesboro
51830,Williamsburg
51840,Winchester
